date,count_first_shot_general,count_second_shot_general,count_third_shot_general,count_fourth_shot_general,count_fifth_shot_general,count_sixth_shot_general,count_seventh_shot_general,count_first_shot_general_wo_deceased,count_second_shot_general_wo_deceased,count_third_shot_general_wo_deceased,count_fourth_shot_general_wo_deceased,count_fifth_shot_general_wo_deceased,count_sixth_shot_general_wo_deceased,count_seventh_shot_general_wo_deceased
2021-04-12,4736,0,0,0,0,0,0,3540,0,0,0,0,0,0
2021-04-13,4350,0,0,0,0,0,0,2998,0,0,0,0,0,0
2021-04-14,5350,0,0,0,0,0,0,4147,0,0,0,0,0,0
2021-04-15,8925,0,0,0,0,0,0,7177,0,0,0,0,0,0
2021-04-16,10919,0,0,0,0,0,0,9548,0,0,0,0,0,0
2021-04-17,7711,0,0,0,0,0,0,6922,0,0,0,0,0,0
2021-04-18,8442,0,0,0,0,0,0,7845,0,0,0,0,0,0
2021-04-19,31212,0,0,0,0,0,0,25543,0,0,0,0,0,0
2021-04-20,48363,0,0,0,0,0,0,39537,0,0,0,0,0,0
2021-04-21,57757,0,0,0,0,0,0,47321,0,0,0,0,0,0
2021-04-22,55462,0,0,0,0,0,0,45914,0,0,0,0,0,0
2021-04-23,52240,0,0,0,0,0,0,45004,0,0,0,0,0,0
2021-04-24,35715,0,0,0,0,0,0,31858,0,0,0,0,0,0
2021-04-25,25573,0,0,0,0,0,0,23445,0,0,0,0,0,0
2021-04-26,56417,0,0,0,0,0,0,45947,0,0,0,0,0,0
2021-04-27,75065,0,0,0,0,0,0,61826,0,0,0,0,0,0
2021-04-28,81534,0,0,0,0,0,0,68708,0,0,0,0,0,0
2021-04-29,20425,0,0,0,0,0,0,17318,0,0,0,0,0,0
2021-04-30,61840,0,0,0,0,0,0,52621,0,0,0,0,0,0
2021-05-01,40669,0,0,0,0,0,0,36153,0,0,0,0,0,0
2021-05-02,27313,0,0,0,0,0,0,24769,0,0,0,0,0,0
2021-05-03,7405,804,0,0,0,0,0,6256,675,0,0,0,0,0
2021-05-04,8507,699,0,0,0,0,0,7293,501,0,0,0,0,0
2021-05-05,9834,910,0,0,0,0,0,8510,639,0,0,0,0,0
2021-05-06,47945,9285,0,0,0,0,0,39912,7344,0,0,0,0,0
2021-05-07,50827,11975,0,0,0,0,0,42770,10153,0,0,0,0,0
2021-05-08,63176,7722,0,0,0,0,0,56642,6842,0,0,0,0,0
2021-05-09,75852,8238,0,0,0,0,0,70343,7676,0,0,0,0,0
2021-05-10,106239,29053,0,0,0,0,0,90221,23779,0,0,0,0,0
2021-05-11,133762,45422,0,0,0,0,0,113039,37018,0,0,0,0,0
2021-05-12,163707,54317,0,0,0,0,0,141517,44475,0,0,0,0,0
2021-05-13,160227,52990,0,0,0,0,0,139024,44018,0,0,0,0,0
2021-05-14,136906,51875,0,0,0,0,0,119569,44872,0,0,0,0,0
2021-05-15,139847,35424,0,0,0,0,0,128139,31831,0,0,0,0,0
2021-05-16,190290,24345,0,0,0,0,0,177167,22316,0,0,0,0,0
2021-05-17,211855,52867,0,0,0,0,0,187753,43152,0,0,0,0,0
2021-05-18,258130,68945,0,0,0,0,0,227049,56732,0,0,0,0,0
2021-05-19,313558,72622,0,0,0,0,0,278545,61245,0,0,0,0,0
2021-05-20,327492,28545,0,0,0,0,0,292049,23965,0,0,0,0,0
2021-05-21,284723,61597,0,0,0,0,0,255552,52961,0,0,0,0,0
2021-05-22,288179,43073,0,0,0,0,0,265422,38693,0,0,0,0,0
2021-05-23,327558,28000,0,0,0,0,0,305486,25511,0,0,0,0,0
2021-05-24,454389,10345,0,0,0,0,0,408370,8733,0,0,0,0,0
2021-05-25,525581,11023,0,0,0,0,0,469272,9341,0,0,0,0,0
2021-05-26,582105,12705,0,0,0,0,0,522205,10870,0,0,0,0,0
2021-05-27,563684,45550,0,0,0,0,0,507679,38244,0,0,0,0,0
2021-05-28,537655,48480,0,0,0,0,0,488529,40859,0,0,0,0,0
2021-05-29,478768,60191,0,0,0,0,0,443714,54049,0,0,0,0,0
2021-05-30,465045,67770,0,0,0,0,0,435657,62953,0,0,0,0,0
2021-05-31,538531,96054,0,0,0,0,0,491285,81829,0,0,0,0,0
2021-06-01,659417,122682,0,0,0,0,0,599383,103915,0,0,0,0,0
2021-06-02,681401,150424,0,0,0,0,0,619934,129725,0,0,0,0,0
2021-06-03,685851,148895,0,0,0,0,0,625375,129111,0,0,0,0,0
2021-06-04,667750,126468,0,0,0,0,0,613929,110384,0,0,0,0,0
2021-06-05,625857,131834,0,0,0,0,0,585395,120698,0,0,0,0,0
2021-06-06,569959,183335,0,0,0,0,0,536604,170829,0,0,0,0,0
2021-06-07,675405,196298,0,0,0,0,0,619908,174093,0,0,0,0,0
2021-06-08,739420,239798,0,0,0,0,0,676143,211183,0,0,0,0,0
2021-06-09,725609,295345,0,0,0,0,0,663636,262740,0,0,0,0,0
2021-06-10,708212,312218,0,0,0,0,0,651531,278822,0,0,0,0,0
2021-06-11,716442,274543,0,0,0,0,0,662880,246801,0,0,0,0,0
2021-06-12,671330,279813,0,0,0,0,0,632189,257938,0,0,0,0,0
2021-06-13,610731,319021,0,0,0,0,0,579600,297779,0,0,0,0,0
2021-06-14,619442,423164,0,0,0,0,0,573342,380351,0,0,0,0,0
2021-06-15,669524,492175,0,0,0,0,0,616842,440054,0,0,0,0,0
2021-06-16,650173,544996,0,0,0,0,0,599142,489429,0,0,0,0,0
2021-06-17,657086,531047,0,0,0,0,0,607882,478562,0,0,0,0,0
2021-06-18,639031,508856,0,0,0,0,0,595638,462554,0,0,0,0,0
2021-06-19,675509,449215,0,0,0,0,0,641644,415809,0,0,0,0,0
2021-06-20,676056,442169,0,0,0,0,0,646579,414170,0,0,0,0,0
2021-06-21,706107,511019,0,0,0,0,0,663684,465709,0,0,0,0,0
2021-06-22,742782,620998,0,0,0,0,0,697145,564121,0,0,0,0,0
2021-06-23,755378,643010,0,0,0,0,0,711127,584656,0,0,0,0,0
2021-06-24,733096,643732,0,0,0,0,0,691688,587271,0,0,0,0,0
2021-06-25,721086,637413,0,0,0,0,0,684505,586122,0,0,0,0,0
2021-06-26,760092,596117,0,0,0,0,0,730401,557479,0,0,0,0,0
2021-06-27,786806,548801,0,0,0,0,0,759078,516534,0,0,0,0,0
2021-06-28,734737,649695,0,0,0,0,0,700774,597252,0,0,0,0,0
2021-06-29,790732,713038,0,0,0,0,0,753350,652670,0,0,0,0,0
2021-06-30,833683,710096,0,0,0,0,0,796434,650275,0,0,0,0,0
2021-07-01,638861,680010,0,0,0,0,0,616330,625751,0,0,0,0,0
2021-07-02,599801,692515,0,0,0,0,0,581735,641391,0,0,0,0,0
2021-07-03,891297,635460,0,0,0,0,0,864473,597874,0,0,0,0,0
2021-07-04,843058,568368,0,0,0,0,0,817952,539184,0,0,0,0,0
2021-07-05,941927,610172,0,0,0,0,0,907149,565408,0,0,0,0,0
2021-07-06,997345,658504,0,0,0,0,0,960777,607291,0,0,0,0,0
2021-07-07,1025242,639007,0,0,0,0,0,988843,589067,0,0,0,0,0
2021-07-08,1027725,636753,0,0,0,0,0,993086,588967,0,0,0,0,0
2021-07-09,1038314,640100,0,0,0,0,0,1006419,596855,0,0,0,0,0
2021-07-10,1041994,663372,0,0,0,0,0,1015459,629774,0,0,0,0,0
2021-07-11,766471,672583,0,0,0,0,0,750314,642276,0,0,0,0,0
2021-07-12,803075,652937,0,0,0,0,0,780627,611060,0,0,0,0,0
2021-07-13,873359,675568,0,0,0,0,0,849008,630660,0,0,0,0,0
2021-07-14,861450,684956,0,0,0,0,0,838390,641248,0,0,0,0,0
2021-07-15,842157,670228,0,0,0,0,0,820625,628996,0,0,0,0,0
2021-07-16,872123,656679,0,0,0,0,0,851839,619729,0,0,0,0,0
2021-07-17,830071,697854,0,0,0,0,0,815407,667562,0,0,0,0,0
2021-07-18,616745,719951,0,0,0,0,0,606504,692408,0,0,0,0,0
2021-07-19,500679,661994,0,0,0,0,0,490552,628043,0,0,0,0,0
2021-07-20,777261,726855,0,0,0,0,0,759139,689541,0,0,0,0,0
2021-07-21,745385,775413,0,0,0,0,0,729663,737638,0,0,0,0,0
2021-07-22,324182,347145,0,0,0,0,0,319646,334733,0,0,0,0,0
2021-07-23,253344,274680,0,0,0,0,0,250023,266343,0,0,0,0,0
2021-07-24,467249,853327,0,0,0,0,0,460298,824209,0,0,0,0,0
2021-07-25,420936,790292,0,0,0,0,0,415073,764959,0,0,0,0,0
2021-07-26,559757,926882,0,0,0,0,0,547967,889259,0,0,0,0,0
2021-07-27,609330,952475,0,0,0,0,0,596529,914542,0,0,0,0,0
2021-07-28,602226,985415,0,0,0,0,0,590267,948257,0,0,0,0,0
2021-07-29,606574,972478,0,0,0,0,0,594755,935636,0,0,0,0,0
2021-07-30,635754,1007832,0,0,0,0,0,624544,974133,0,0,0,0,0
2021-07-31,641429,1006369,0,0,0,0,0,633223,978579,0,0,0,0,0
2021-08-01,560982,701392,0,0,0,0,0,554442,685789,0,0,0,0,0
2021-08-02,570647,819742,0,0,0,0,0,560805,796561,0,0,0,0,0
2021-08-03,588099,871255,0,0,0,0,0,578459,846585,0,0,0,0,0
2021-08-04,576076,866103,0,0,0,0,0,567273,842561,0,0,0,0,0
2021-08-05,563808,888370,0,0,0,0,0,554970,865761,0,0,0,0,0
2021-08-06,583563,946060,0,0,0,0,0,575022,924127,0,0,0,0,0
2021-08-07,699710,891794,0,0,0,0,0,692363,876082,0,0,0,0,0
2021-08-08,610601,635978,0,0,0,0,0,604531,625324,0,0,0,0,0
2021-08-09,168960,219844,0,0,0,0,0,166647,216339,0,0,0,0,0
2021-08-10,488922,836715,0,0,0,0,0,481068,816258,0,0,0,0,0
2021-08-11,498359,742397,0,0,0,0,0,490993,725360,0,0,0,0,0
2021-08-12,492160,437994,0,0,0,0,0,485405,430053,0,0,0,0,0
2021-08-13,345736,330609,0,0,0,0,0,340988,325210,0,0,0,0,0
2021-08-14,354777,412097,0,0,0,0,0,351158,405598,0,0,0,0,0
2021-08-15,369749,380085,0,0,0,0,0,366318,374576,0,0,0,0,0
2021-08-16,434697,586103,0,0,0,0,0,428299,573425,0,0,0,0,0
2021-08-17,547058,704001,0,0,0,0,0,539217,689508,0,0,0,0,0
2021-08-18,577611,684107,0,0,0,0,0,570204,670852,0,0,0,0,0
2021-08-19,576697,642501,0,0,0,0,0,569382,630089,0,0,0,0,0
2021-08-20,615532,696337,0,0,0,0,0,608400,684389,0,0,0,0,0
2021-08-21,721812,725784,0,0,0,0,0,715141,715982,0,0,0,0,0
2021-08-22,627918,612227,0,0,0,0,0,622479,604597,0,0,0,0,0
2021-08-23,548921,652788,0,0,0,0,0,541655,641679,0,0,0,0,0
2021-08-24,612302,655331,0,0,0,0,0,604054,644697,0,0,0,0,0
2021-08-25,605117,637382,0,0,0,0,0,597591,627359,0,0,0,0,0
2021-08-26,570625,603745,0,0,0,0,0,563919,594312,0,0,0,0,0
2021-08-27,641875,668137,0,0,0,0,0,634864,658670,0,0,0,0,0
2021-08-28,730720,749647,0,0,0,0,0,724365,741378,0,0,0,0,0
2021-08-29,599488,632761,0,0,0,0,0,594008,626153,0,0,0,0,0
2021-08-30,390393,287630,0,0,0,0,0,385827,283464,0,0,0,0,0
2021-08-31,652201,536848,0,0,0,0,0,644364,528129,0,0,0,0,0
2021-09-01,647383,496481,0,0,0,0,0,639733,488936,0,0,0,0,0
2021-09-02,423122,505651,0,0,0,0,0,418170,498493,0,0,0,0,0
2021-09-03,742555,421548,0,0,0,0,0,734455,415703,0,0,0,0,0
2021-09-04,958682,455795,0,0,0,0,0,950014,451169,0,0,0,0,0
2021-09-05,778724,403444,0,0,0,0,0,771580,399628,0,0,0,0,0
2021-09-06,619589,420400,0,0,0,0,0,612375,414102,0,0,0,0,0
2021-09-07,632808,529823,0,0,0,0,0,625161,522142,0,0,0,0,0
2021-09-08,599833,555022,0,0,0,0,0,592709,547657,0,0,0,0,0
2021-09-09,586866,543234,0,0,0,0,0,579920,536282,0,0,0,0,0
2021-09-10,650848,614737,0,0,0,0,0,644065,607711,0,0,0,0,0
2021-09-11,788153,725567,0,0,0,0,0,781281,718877,0,0,0,0,0
2021-09-12,620101,596420,0,0,0,0,0,614457,591117,0,0,0,0,0
2021-09-13,511954,518361,0,0,0,0,0,506168,511460,0,0,0,0,0
2021-09-14,538136,554932,0,0,0,0,0,531949,547293,0,0,0,0,0
2021-09-15,515004,556466,0,0,0,0,0,508957,549259,0,0,0,0,0
2021-09-16,501411,560562,0,0,0,0,0,495562,553637,0,0,0,0,0
2021-09-17,578397,642908,0,0,0,0,0,572581,635531,0,0,0,0,0
2021-09-18,740625,727671,0,0,0,0,0,734642,721058,0,0,0,0,0
2021-09-19,577116,569799,0,0,0,0,0,571855,564597,0,0,0,0,0
2021-09-20,157110,156544,0,0,0,0,0,155347,154836,0,0,0,0,0
2021-09-21,411230,688763,0,0,0,0,0,406050,680049,0,0,0,0,0
2021-09-22,421138,657249,0,0,0,0,0,416087,649487,0,0,0,0,0
2021-09-23,195115,238644,0,0,0,0,0,193117,236243,0,0,0,0,0
2021-09-24,436929,769729,0,0,0,0,0,432119,761513,0,0,0,0,0
2021-09-25,576300,944031,0,0,0,0,0,571379,935672,0,0,0,0,0
2021-09-26,447930,730448,0,0,0,0,0,443696,723908,0,0,0,0,0
2021-09-27,377596,617400,0,0,0,0,0,373011,610013,0,0,0,0,0
2021-09-28,407833,623472,0,0,0,0,0,402764,615888,0,0,0,0,0
2021-09-29,404134,594868,0,0,0,0,0,399294,587611,0,0,0,0,0
2021-09-30,389432,602236,0,0,0,0,0,384716,594962,0,0,0,0,0
2021-10-01,440462,643253,0,0,0,0,0,435765,636281,0,0,0,0,0
2021-10-02,598980,783047,0,0,0,0,0,593479,776169,0,0,0,0,0
2021-10-03,469083,609836,0,0,0,0,0,464289,604463,0,0,0,0,0
2021-10-04,331566,533508,0,0,0,0,0,327071,527442,0,0,0,0,0
2021-10-05,346528,557152,0,0,0,0,0,341727,550580,0,0,0,0,0
2021-10-06,331619,542535,0,0,0,0,0,326813,536168,0,0,0,0,0
2021-10-07,318362,539200,0,0,0,0,0,313838,532956,0,0,0,0,0
2021-10-08,378029,662778,0,0,0,0,0,373755,655912,0,0,0,0,0
2021-10-09,509502,824576,0,0,0,0,0,504362,817471,0,0,0,0,0
2021-10-10,379847,601635,0,0,0,0,0,375734,596119,0,0,0,0,0
2021-10-11,285169,217431,0,0,0,0,0,281268,214863,0,0,0,0,0
2021-10-12,271006,446564,0,0,0,0,0,267251,441118,0,0,0,0,0
2021-10-13,142137,439148,0,0,0,0,0,139850,433919,0,0,0,0,0
2021-10-14,263659,253139,0,0,0,0,0,260042,250103,0,0,0,0,0
2021-10-15,304847,518057,0,0,0,0,0,301154,512538,0,0,0,0,0
2021-10-16,399120,660554,0,0,0,0,0,394805,654906,0,0,0,0,0
2021-10-17,249789,497941,0,0,0,0,0,246992,493092,0,0,0,0,0
2021-10-18,177865,381685,0,0,0,0,0,175362,377091,0,0,0,0,0
2021-10-19,173415,420720,0,0,0,0,0,170876,415402,0,0,0,0,0
2021-10-20,166121,416331,0,0,0,0,0,163371,411297,0,0,0,0,0
2021-10-21,149010,390467,0,0,0,0,0,146437,385949,0,0,0,0,0
2021-10-22,195058,501547,0,0,0,0,0,192359,496227,0,0,0,0,0
2021-10-23,266385,665983,0,0,0,0,0,263288,659987,0,0,0,0,0
2021-10-24,167331,504950,0,0,0,0,0,165168,500039,0,0,0,0,0
2021-10-25,110299,355403,0,0,0,0,0,108648,350803,0,0,0,0,0
2021-10-26,113730,361050,0,0,0,0,0,111813,356221,0,0,0,0,0
2021-10-27,106048,346568,0,0,0,0,0,104364,341703,0,0,0,0,0
2021-10-28,102864,334348,0,0,0,0,0,100851,329680,0,0,0,0,0
2021-10-29,131619,426987,0,0,0,0,0,129447,422184,0,0,0,0,0
2021-10-30,182225,569652,0,0,0,0,0,180120,563890,0,0,0,0,0
2021-10-31,119763,407958,0,0,0,0,0,117997,403383,0,0,0,0,0
2021-11-01,57300,277780,0,0,0,0,0,56323,274017,0,0,0,0,0
2021-11-02,38745,275461,0,0,0,0,0,38042,271835,0,0,0,0,0
2021-11-03,21737,77593,0,0,0,0,0,21395,76377,0,0,0,0,0
2021-11-04,54995,274004,0,0,0,0,0,53722,270208,0,0,0,0,0
2021-11-05,84770,328756,0,0,0,0,0,83264,324758,0,0,0,0,0
2021-11-06,116362,439690,0,0,0,0,0,114888,434998,0,0,0,0,0
2021-11-07,73592,278040,0,0,0,0,0,72441,274933,0,0,0,0,0
2021-11-08,48356,183038,0,0,0,0,0,47480,180501,0,0,0,0,0
2021-11-09,50368,177702,0,0,0,0,0,49430,175207,0,0,0,0,0
2021-11-10,33993,174285,0,0,0,0,0,33266,171437,0,0,0,0,0
2021-11-11,30632,153410,0,0,0,0,0,29985,150982,0,0,0,0,0
2021-11-12,50804,222327,0,0,0,0,0,49924,219394,0,0,0,0,0
2021-11-13,67700,291027,0,0,0,0,0,66765,287819,0,0,0,0,0
2021-11-14,30911,176111,0,0,0,0,0,30381,173798,0,0,0,0,0
2021-11-15,25932,120150,0,0,0,0,0,25420,118439,0,0,0,0,0
2021-11-16,25367,121139,0,0,0,0,0,24824,119235,0,0,0,0,0
2021-11-17,24965,115590,0,0,0,0,0,24426,113801,0,0,0,0,0
2021-11-18,23394,106841,0,0,0,0,0,22886,104843,0,0,0,0,0
2021-11-19,42168,157787,0,0,0,0,0,41419,155460,0,0,0,0,0
2021-11-20,55989,224008,0,0,0,0,0,55091,221385,0,0,0,0,0
2021-11-21,24969,133846,0,0,0,0,0,24519,132026,0,0,0,0,0
2021-11-22,22605,70459,0,0,0,0,0,22150,69309,0,0,0,0,0
2021-11-23,4988,20842,0,0,0,0,0,4884,20563,0,0,0,0,0
2021-11-24,22477,48792,0,0,0,0,0,21983,47919,0,0,0,0,0
2021-11-25,20250,66256,0,0,0,0,0,19654,64794,0,0,0,0,0
2021-11-26,38366,111051,0,0,0,0,0,37656,109262,0,0,0,0,0
2021-11-27,51585,156594,0,0,0,0,0,50851,154670,0,0,0,0,0
2021-11-28,19875,93640,0,0,0,0,0,19536,92020,0,0,0,0,0
2021-11-29,18367,57686,0,0,0,0,0,17967,56669,0,0,0,0,0
2021-11-30,18066,62261,0,0,0,0,0,17644,61174,0,0,0,0,0
2021-12-01,16188,32970,4943,0,0,0,0,15836,32293,4917,0,0,0,0
2021-12-02,15287,29872,3900,0,0,0,0,14907,29228,3886,0,0,0,0
2021-12-03,29175,53364,10132,0,0,0,0,28578,52561,10083,0,0,0,0
2021-12-04,44661,77145,2596,0,0,0,0,44005,76110,2585,0,0,0,0
2021-12-05,16214,33278,819,0,0,0,0,15921,32757,815,0,0,0,0
2021-12-06,14039,25880,10337,0,0,0,0,13725,25359,10301,0,0,0,0
2021-12-07,11782,24491,12314,0,0,0,0,11547,24024,12255,0,0,0,0
2021-12-08,6840,23611,13969,0,0,0,0,6666,23130,13903,0,0,0,0
2021-12-09,4862,22061,16340,0,0,0,0,4748,21577,16273,0,0,0,0
2021-12-10,7923,44310,43010,0,0,0,0,7734,43471,42816,0,0,0,0
2021-12-11,11026,61963,7047,0,0,0,0,10812,61036,7010,0,0,0,0
2021-12-12,4430,24913,776,0,0,0,0,4333,24487,771,0,0,0,0
2021-12-13,4689,21929,34167,0,0,0,0,4561,21409,33926,0,0,0,0
2021-12-14,7324,7753,38552,0,0,0,0,7180,7586,38285,0,0,0,0
2021-12-15,9663,22226,47838,0,0,0,0,9445,21746,47548,0,0,0,0
2021-12-16,10202,20336,52866,0,0,0,0,9970,19828,52610,0,0,0,0
2021-12-17,22951,41588,96360,0,0,0,0,22482,40832,95855,0,0,0,0
2021-12-18,35475,58902,23222,0,0,0,0,34878,58010,23078,0,0,0,0
2021-12-19,14402,22061,2610,0,0,0,0,14055,21645,2596,0,0,0,0
2021-12-20,6479,19045,57256,0,0,0,0,6301,18658,56793,0,0,0,0
2021-12-21,12476,18869,64553,0,0,0,0,12184,18450,64028,0,0,0,0
2021-12-22,12724,18807,71714,0,0,0,0,12429,18407,70943,0,0,0,0
2021-12-23,10538,16638,74742,0,0,0,0,10256,16131,73950,0,0,0,0
2021-12-24,18447,32632,116883,0,0,0,0,17979,31769,115763,0,0,0,0
2021-12-25,27960,51647,44272,0,0,0,0,27461,50863,43791,0,0,0,0
2021-12-26,11415,21417,7222,0,0,0,0,11239,21075,7044,0,0,0,0
2021-12-27,8911,16356,57793,0,0,0,0,8726,16001,57024,0,0,0,0
2021-12-28,7138,12973,72519,0,0,0,0,6943,12670,71671,0,0,0,0
2021-12-29,2926,4569,43407,0,0,0,0,2835,4472,42706,0,0,0,0
2021-12-30,941,1222,10990,0,0,0,0,911,1183,10680,0,0,0,0
2021-12-31,211,200,859,0,0,0,0,207,195,804,0,0,0,0
2022-01-01,15,24,302,0,0,0,0,15,24,286,0,0,0,0
2022-01-02,128,190,611,0,0,0,0,123,185,554,0,0,0,0
2022-01-03,116,245,826,0,0,0,0,113,240,777,0,0,0,0
2022-01-04,3283,6502,11590,0,0,0,0,3217,6355,11304,0,0,0,0
2022-01-05,5991,10490,30019,0,0,0,0,5851,10243,29192,0,0,0,0
2022-01-06,6735,10801,41929,0,0,0,0,6516,10504,40746,0,0,0,0
2022-01-07,16448,25444,108168,0,0,0,0,16099,24870,106391,0,0,0,0
2022-01-08,27165,40249,120870,0,0,0,0,26739,39501,119418,0,0,0,0
2022-01-09,10407,14196,16474,0,0,0,0,10193,13854,16017,0,0,0,0
2022-01-10,1318,2313,5507,0,0,0,0,1295,2272,5104,0,0,0,0
2022-01-11,8978,15249,93720,0,0,0,0,8762,14881,90455,0,0,0,0
2022-01-12,9148,13882,128569,0,0,0,0,8889,13562,123429,0,0,0,0
2022-01-13,8249,11186,131048,0,0,0,0,8021,10848,125850,0,0,0,0
2022-01-14,17410,20631,238485,0,0,0,0,17052,20158,232909,0,0,0,0
2022-01-15,27161,31924,181164,0,0,0,0,26725,31363,178006,0,0,0,0
2022-01-16,10806,13095,35161,0,0,0,0,10556,12876,33779,0,0,0,0
2022-01-17,11045,10338,162119,0,0,0,0,10779,10034,154211,0,0,0,0
2022-01-18,11449,7599,213524,0,0,0,0,11135,7369,202436,0,0,0,0
2022-01-19,10740,5292,239189,0,0,0,0,10442,5114,226836,0,0,0,0
2022-01-20,10354,3763,239568,0,0,0,0,10021,3601,227162,0,0,0,0
2022-01-21,12177,6149,378054,0,0,0,0,11903,6002,365277,0,0,0,0
2022-01-22,27780,6998,286665,0,0,0,0,27420,6860,278825,0,0,0,0
2022-01-23,10023,3219,87237,0,0,0,0,9751,3170,83702,0,0,0,0
2022-01-24,10987,2486,267579,0,0,0,0,10710,2370,251978,0,0,0,0
2022-01-25,11058,4235,314498,0,0,0,0,10769,4115,294934,0,0,0,0
2022-01-26,10409,5939,333142,0,0,0,0,10132,5785,312359,0,0,0,0
2022-01-27,9609,6667,324784,0,0,0,0,9256,6412,305331,0,0,0,0
2022-01-28,19339,16178,450152,0,0,0,0,18946,15763,430681,0,0,0,0
2022-01-29,26254,27463,368800,0,0,0,0,25880,27043,355558,0,0,0,0
2022-01-30,9441,11129,169815,0,0,0,0,9311,10919,163465,0,0,0,0
2022-01-31,9582,2838,342694,0,0,0,0,9297,2720,322601,0,0,0,0
2022-02-01,12477,7384,649657,0,0,0,0,12080,7158,615252,0,0,0,0
2022-02-02,7123,7577,634761,0,0,0,0,6851,7292,599988,0,0,0,0
2022-02-03,9618,7481,640234,0,0,0,0,9301,7225,605451,0,0,0,0
2022-02-04,18641,16025,788652,0,0,0,0,18192,15640,752260,0,0,0,0
2022-02-05,25354,24472,733379,0,0,0,0,25016,24064,707368,0,0,0,0
2022-02-06,9430,9810,492613,0,0,0,0,9255,9545,476376,0,0,0,0
2022-02-07,11777,9675,791357,0,0,0,0,11440,9390,750773,0,0,0,0
2022-02-08,9832,10675,889602,0,0,0,0,9479,10344,842209,0,0,0,0
2022-02-09,9441,9788,876427,0,0,0,0,9104,9456,829358,0,0,0,0
2022-02-10,8981,10444,900643,0,0,0,0,8653,10085,857634,0,0,0,0
2022-02-11,4318,3167,386256,0,0,0,0,4232,3098,373770,0,0,0,0
2022-02-12,18084,26260,897683,0,0,0,0,17802,25927,868030,0,0,0,0
2022-02-13,7464,9306,619967,0,0,0,0,7291,9042,601501,0,0,0,0
2022-02-14,8057,10474,881419,0,0,0,0,7732,10195,838364,0,0,0,0
2022-02-15,9275,10903,981152,0,0,0,0,8915,10566,932140,0,0,0,0
2022-02-16,9096,9504,947325,0,0,0,0,8729,9196,899964,0,0,0,0
2022-02-17,8542,9059,938970,0,0,0,0,8188,8707,893808,0,0,0,0
2022-02-18,15466,19605,1091360,0,0,0,0,15032,19129,1047008,0,0,0,0
2022-02-19,20233,25636,1056705,0,0,0,0,19854,25244,1025610,0,0,0,0
2022-02-20,8631,8917,738820,0,0,0,0,8432,8784,719493,0,0,0,0
2022-02-21,7688,9753,932482,0,0,0,0,7379,9434,892038,0,0,0,0
2022-02-22,8749,12929,1055641,0,0,0,0,8364,12504,1011345,0,0,0,0
2022-02-23,2448,2580,436658,0,0,0,0,2386,2519,423705,0,0,0,0
2022-02-24,7479,11004,958559,0,0,0,0,7102,10583,917532,0,0,0,0
2022-02-25,12100,19881,1133728,0,0,0,0,11731,19369,1092249,0,0,0,0
2022-02-26,16975,26120,1151956,0,0,0,0,16710,25745,1122876,0,0,0,0
2022-02-27,7549,10144,805652,0,0,0,0,7385,9951,786510,0,0,0,0
2022-02-28,5591,12062,908615,0,0,0,0,5302,11657,875091,0,0,0,0
2022-03-01,8441,9172,976158,0,0,0,0,8126,8858,943513,0,0,0,0
2022-03-02,7258,8709,944260,0,0,0,0,6936,8394,911755,0,0,0,0
2022-03-03,7659,7482,943071,0,0,0,0,7355,7162,913043,0,0,0,0
2022-03-04,15030,7137,1170544,0,0,0,0,14684,6879,1140374,0,0,0,0
2022-03-05,27561,19248,1180500,0,0,0,0,27211,18950,1157665,0,0,0,0
2022-03-06,15271,6927,785758,0,0,0,0,15065,6773,771149,0,0,0,0
2022-03-07,12627,7995,882268,0,0,0,0,12318,7692,856348,0,0,0,0
2022-03-08,14219,8287,917569,0,0,0,0,13864,7992,889795,0,0,0,0
2022-03-09,13916,8315,872537,0,0,0,0,13627,7977,846737,0,0,0,0
2022-03-10,15080,7986,859051,0,0,0,0,14803,7708,835306,0,0,0,0
2022-03-11,25036,14093,1118035,0,0,0,0,24713,13709,1094219,0,0,0,0
2022-03-12,54696,20438,1127362,0,0,0,0,54273,20054,1109457,0,0,0,0
2022-03-13,24114,8009,699001,0,0,0,0,23944,7807,687659,0,0,0,0
2022-03-14,19355,7465,793135,0,0,0,0,19103,7188,773295,0,0,0,0
2022-03-15,22465,8077,831517,0,0,0,0,22189,7734,810160,0,0,0,0
2022-03-16,19587,4677,798214,0,0,0,0,19347,4445,778183,0,0,0,0
2022-03-17,17686,6640,772240,0,0,0,0,17437,6278,754457,0,0,0,0
2022-03-18,35119,11927,1066132,0,0,0,0,34806,11562,1047500,0,0,0,0
2022-03-19,71183,16803,1105874,0,0,0,0,70830,16508,1091911,0,0,0,0
2022-03-20,31858,7661,653386,0,0,0,0,31691,7492,645141,0,0,0,0
2022-03-21,3318,1386,199844,0,0,0,0,3288,1344,196761,0,0,0,0
2022-03-22,23517,9989,732772,0,0,0,0,23258,9593,716649,0,0,0,0
2022-03-23,23965,7947,691391,0,0,0,0,23718,7631,676016,0,0,0,0
2022-03-24,22520,8661,679236,0,0,0,0,22320,8315,664887,0,0,0,0
2022-03-25,41738,15699,973509,0,0,0,0,41406,15315,958245,0,0,0,0
2022-03-26,79721,28597,976420,0,0,0,0,79424,28247,964733,0,0,0,0
2022-03-27,39484,15355,527300,0,0,0,0,39355,15142,520779,0,0,0,0
2022-03-28,24796,13274,631014,0,0,0,0,24557,12934,619080,0,0,0,0
2022-03-29,27967,14504,619374,0,0,0,0,27721,14134,607442,0,0,0,0
2022-03-30,24801,13770,552440,0,0,0,0,24584,13463,541905,0,0,0,0
2022-03-31,19403,14432,465437,0,0,0,0,19217,14154,456726,0,0,0,0
2022-04-01,36744,23205,590689,0,0,0,0,36512,22900,582750,0,0,0,0
2022-04-02,67331,50965,653068,0,0,0,0,67051,50575,646499,0,0,0,0
2022-04-03,31240,22424,302253,0,0,0,0,31073,22292,298942,0,0,0,0
2022-04-04,19226,18463,416038,0,0,0,0,19069,18220,409038,0,0,0,0
2022-04-05,19977,20512,427111,0,0,0,0,19780,20274,419825,0,0,0,0
2022-04-06,17117,17423,398506,0,0,0,0,16911,17184,391698,0,0,0,0
2022-04-07,14404,16254,402362,0,0,0,0,14233,16001,396173,0,0,0,0
2022-04-08,11350,32933,709309,0,0,0,0,11184,32630,701501,0,0,0,0
2022-04-09,46141,68681,750144,0,0,0,0,45931,68330,743435,0,0,0,0
2022-04-10,15263,28318,343814,0,0,0,0,15162,28194,340540,0,0,0,0
2022-04-11,12122,4358,397734,0,0,0,0,11980,4242,391820,0,0,0,0
2022-04-12,5763,20496,398301,0,0,0,0,5649,20263,392084,0,0,0,0
2022-04-13,5354,20635,376925,0,0,0,0,5247,20415,371326,0,0,0,0
2022-04-14,5043,19343,376827,0,0,0,0,4930,19152,371839,0,0,0,0
2022-04-15,20614,39322,715923,0,0,0,0,20428,39022,709189,0,0,0,0
2022-04-16,42017,77611,755960,0,0,0,0,41784,77327,749756,0,0,0,0
2022-04-17,18819,35849,333097,0,0,0,0,18720,35728,330170,0,0,0,0
2022-04-18,13515,20791,351914,0,0,0,0,13369,20599,347007,0,0,0,0
2022-04-19,14780,23656,354632,0,0,0,0,14580,23444,349413,0,0,0,0
2022-04-20,14722,21855,343318,0,0,0,0,14487,21650,338641,0,0,0,0
2022-04-21,13500,16927,353296,0,0,0,0,13301,16712,348814,0,0,0,0
2022-04-22,25838,38001,694329,0,0,0,0,25586,37724,687881,0,0,0,0
2022-04-23,54114,72922,768883,0,0,0,0,53835,72574,762893,0,0,0,0
2022-04-24,19638,31646,324978,0,0,0,0,19535,31476,322139,0,0,0,0
2022-04-25,14681,17975,339136,0,0,0,0,14536,17795,334763,0,0,0,0
2022-04-26,15284,19167,334132,0,0,0,0,15110,18944,329548,0,0,0,0
2022-04-27,13008,17402,327538,0,0,0,0,12850,17186,323296,0,0,0,0
2022-04-28,15049,17514,456289,0,0,0,0,14884,17280,451564,0,0,0,0
2022-04-29,4356,4580,257705,0,0,0,0,4310,4541,255998,0,0,0,0
2022-04-30,33428,49526,524134,0,0,0,0,33241,49303,520197,0,0,0,0
2022-05-01,7452,13752,158836,0,0,0,0,7420,13682,157615,0,0,0,0
2022-05-02,7325,11927,237940,0,0,0,0,7254,11802,235572,0,0,0,0
2022-05-03,1265,1203,75294,0,0,0,0,1256,1191,74844,0,0,0,0
2022-05-04,750,1038,50547,0,0,0,0,741,999,50169,0,0,0,0
2022-05-05,559,662,32613,0,0,0,0,550,659,32283,0,0,0,0
2022-05-06,16648,23158,323137,0,0,0,0,16527,22911,319930,0,0,0,0
2022-05-07,32749,43125,379919,0,0,0,0,32578,42890,376945,0,0,0,0
2022-05-08,10814,18107,122508,0,0,0,0,10749,18005,121526,0,0,0,0
2022-05-09,10444,14606,203653,0,0,0,0,10320,14446,201150,0,0,0,0
2022-05-10,11638,15866,211927,0,0,0,0,11495,15660,208884,0,0,0,0
2022-05-11,9304,14850,202741,0,0,0,0,9190,14676,199995,0,0,0,0
2022-05-12,8036,13256,201820,0,0,0,0,7940,13078,199318,0,0,0,0
2022-05-13,19027,27088,454366,0,0,0,0,18808,26813,450152,0,0,0,0
2022-05-14,30648,55003,507197,0,0,0,0,30474,54714,503326,0,0,0,0
2022-05-15,8297,19027,172474,0,0,0,0,8248,18940,171012,0,0,0,0
2022-05-16,7176,13999,183170,0,0,0,0,7081,13886,180793,0,0,0,0
2022-05-17,7340,14549,178645,0,0,0,0,7235,14412,176071,0,0,0,0
2022-05-18,7040,12826,171451,0,0,0,0,6929,12594,168989,0,0,0,0
2022-05-19,5716,12552,170195,0,0,0,0,5601,12399,168070,0,0,0,0
2022-05-20,15892,9175,388679,0,0,0,0,15754,9030,385084,0,0,0,0
2022-05-21,23126,36091,432816,0,0,0,0,22979,35874,429438,0,0,0,0
2022-05-22,6183,9227,125671,0,0,0,0,6104,9177,124589,0,0,0,0
2022-05-23,7550,7231,141597,0,0,0,0,7457,7150,139712,0,0,0,0
2022-05-24,7793,2830,137059,0,0,0,0,7716,2761,135219,0,0,0,0
2022-05-25,7715,2835,131949,402,0,0,0,7599,2761,130083,395,0,0,0
2022-05-26,6332,2393,137859,628,0,0,0,6248,2332,136077,573,0,0,0
2022-05-27,13157,17143,327453,1324,0,0,0,12971,17004,324380,1259,0,0,0
2022-05-28,20013,35477,378905,1353,0,0,0,19885,35279,375882,1328,0,0,0
2022-05-29,4429,11380,115348,593,0,0,0,4388,11317,114388,565,0,0,0
2022-05-30,5330,10661,111460,1272,0,0,0,5249,10534,109936,1210,0,0,0
2022-05-31,5264,11274,106303,1589,0,0,0,5185,11158,104764,1479,0,0,0
2022-06-01,4708,8442,74333,1882,0,0,0,4631,8359,73177,1782,0,0,0
2022-06-02,3969,6958,75698,1471,0,0,0,3906,6890,74468,1411,0,0,0
2022-06-03,11390,18402,210677,3472,0,0,0,11271,18266,208616,3364,0,0,0
2022-06-04,20383,30940,241099,3677,0,0,0,20251,30745,239060,3634,0,0,0
2022-06-05,3995,7663,57779,754,0,0,0,3962,7626,57218,736,0,0,0
2022-06-06,4738,6682,75683,2674,0,0,0,4676,6600,74741,2575,0,0,0
2022-06-07,5053,6853,73182,3505,0,0,0,4989,6764,72216,3369,0,0,0
2022-06-08,4155,6427,67852,4396,0,0,0,4074,6342,66813,4171,0,0,0
2022-06-09,4104,5551,67276,3735,0,0,0,4025,5449,66228,3611,0,0,0
2022-06-10,8735,16325,189476,8377,0,0,0,8630,16127,187656,8240,0,0,0
2022-06-11,15699,24173,218385,9242,0,0,0,15561,24008,216725,9113,0,0,0
2022-06-12,2434,6234,52720,1882,0,0,0,2405,6153,52193,1828,0,0,0
2022-06-13,2970,7346,63183,7570,0,0,0,2930,7271,62324,7141,0,0,0
2022-06-14,2949,7592,61051,9476,0,0,0,2895,7524,60207,8979,0,0,0
2022-06-15,2802,7284,57221,10647,0,0,0,2735,7199,56208,10073,0,0,0
2022-06-16,2317,5896,55976,11483,0,0,0,2263,5812,55008,10788,0,0,0
2022-06-17,8392,13467,165885,23591,0,0,0,8283,13328,164331,22895,0,0,0
2022-06-18,13907,21597,180720,23901,0,0,0,13780,21475,179222,23341,0,0,0
2022-06-19,2271,4461,44288,6620,0,0,0,2254,4419,43870,6427,0,0,0
2022-06-20,3335,5261,53470,25151,0,0,0,3280,5173,52721,23990,0,0,0
2022-06-21,3547,5211,49902,34205,0,0,0,3498,5129,49145,32230,0,0,0
2022-06-22,3268,5040,49512,36472,0,0,0,3219,4962,48412,34620,0,0,0
2022-06-23,2504,4262,49031,36795,0,0,0,2444,4162,48070,35037,0,0,0
2022-06-24,8016,12558,139200,71692,0,0,0,7928,12420,137516,69426,0,0,0
2022-06-25,11957,22088,165301,66617,0,0,0,11873,21941,163922,65027,0,0,0
2022-06-26,2332,4421,38676,21718,0,0,0,2306,4378,38332,21015,0,0,0
2022-06-27,1621,4870,42800,75877,0,0,0,1572,4811,42142,72473,0,0,0
2022-06-28,2782,5194,41285,89096,0,0,0,2745,5116,40577,84554,0,0,0
2022-06-29,2794,4535,39816,85950,0,0,0,2726,4469,39137,81521,0,0,0
2022-06-30,2141,3929,38837,83167,0,0,0,2091,3866,38252,79291,0,0,0
2022-07-01,6571,8723,82164,189818,0,0,0,6498,8611,81324,184452,0,0,0
2022-07-02,9482,15526,96043,161531,0,0,0,9405,15398,95254,157327,0,0,0
2022-07-03,1886,2332,24648,59523,0,0,0,1858,2297,24402,57935,0,0,0
2022-07-04,2692,2874,33993,223446,0,0,0,2627,2827,33425,215446,0,0,0
2022-07-05,3079,2910,33264,239838,0,0,0,3016,2872,32677,230476,0,0,0
2022-07-06,2647,2873,33841,230826,0,0,0,2583,2815,33233,221775,0,0,0
2022-07-07,2575,2433,34817,249684,0,0,0,2503,2363,34161,240395,0,0,0
2022-07-08,6681,8502,84691,386873,0,0,0,6586,8385,83835,375347,0,0,0
2022-07-09,10800,14734,100484,336720,0,0,0,10725,14600,99707,328393,0,0,0
2022-07-10,1952,2197,28900,128446,0,0,0,1929,2174,28636,125079,0,0,0
2022-07-11,2488,3406,40471,361500,0,0,0,2438,3346,39905,349210,0,0,0
2022-07-12,2713,3566,40035,403553,0,0,0,2659,3520,39412,388571,0,0,0
2022-07-13,2672,3259,40581,385202,0,0,0,2611,3196,39912,370574,0,0,0
2022-07-14,2662,2575,38806,392408,0,0,0,2613,2515,38156,378106,0,0,0
2022-07-15,7618,8020,92358,556095,0,0,0,7527,7920,91445,540525,0,0,0
2022-07-16,13144,12095,123866,532270,0,0,0,13066,12021,122993,520538,0,0,0
2022-07-17,2425,2563,46860,259203,0,0,0,2404,2543,46535,253726,0,0,0
2022-07-18,557,251,13224,88989,0,0,0,544,245,13090,86482,0,0,0
2022-07-19,3791,3190,40053,532967,0,0,0,3733,3130,39399,514297,0,0,0
2022-07-20,4568,3018,42646,543527,0,0,0,4512,2952,41934,523091,0,0,0
2022-07-21,2618,2433,44450,519878,0,0,0,2557,2371,43635,500183,0,0,0
2022-07-22,8099,7073,95494,705908,0,0,0,7998,6990,94467,684828,0,0,0
2022-07-23,10903,10328,122196,687213,0,0,0,10819,10248,121351,671756,0,0,0
2022-07-24,2840,2142,48070,387031,0,0,0,2809,2113,47701,378857,0,0,0
2022-07-25,4769,3478,50660,564364,0,0,0,4700,3412,49916,544864,0,0,0
2022-07-26,5770,3544,55212,619299,0,0,0,5702,3480,54379,597033,0,0,0
2022-07-27,6136,3211,55616,587464,0,0,0,6054,3130,54798,566092,0,0,0
2022-07-28,6078,2879,52390,587553,0,0,0,5996,2813,51542,566443,0,0,0
2022-07-29,13609,7142,103749,763660,0,0,0,13482,7023,102592,741834,0,0,0
2022-07-30,20026,11003,123829,747586,0,0,0,19910,10917,122952,732089,0,0,0
2022-07-31,4230,2067,51180,392584,0,0,0,4207,2031,50809,384160,0,0,0
2022-08-01,7358,2588,55147,517954,0,0,0,7264,2546,54489,502031,0,0,0
2022-08-02,8309,2772,58235,589210,0,0,0,8207,2713,57507,569684,0,0,0
2022-08-03,7020,2656,54989,579179,0,0,0,6932,2591,54247,559443,0,0,0
2022-08-04,6417,2714,53060,566703,0,0,0,6306,2642,52353,547211,0,0,0
2022-08-05,14214,7043,100014,788105,0,0,0,14036,6943,98932,767420,0,0,0
2022-08-06,20834,12248,116707,755902,0,0,0,20715,12156,115854,741111,0,0,0
2022-08-07,5044,2316,49343,367523,0,0,0,5007,2288,49016,360313,0,0,0
2022-08-08,6240,1621,54846,570979,0,0,0,6144,1575,54150,553925,0,0,0
2022-08-09,6697,3674,58565,617856,0,0,0,6603,3620,57818,598336,0,0,0
2022-08-10,5709,4245,64310,628538,0,0,0,5618,4184,63594,611604,0,0,0
2022-08-11,852,600,28955,177588,0,0,0,838,582,28731,173019,0,0,0
2022-08-12,5567,5418,69125,505309,0,0,0,5468,5351,68436,492142,0,0,0
2022-08-13,5319,5864,51338,255412,0,0,0,5274,5818,50989,250647,0,0,0
2022-08-14,1520,1857,25108,115789,0,0,0,1506,1841,24954,113654,0,0,0
2022-08-15,1884,2405,22698,182203,0,0,0,1847,2378,22381,176006,0,0,0
2022-08-16,3064,4297,33610,360326,0,0,0,3018,4247,33090,348456,0,0,0
2022-08-17,3605,5382,38583,476948,0,0,0,3534,5317,38005,462150,0,0,0
2022-08-18,3742,5804,37311,513747,0,0,0,3671,5730,36702,497666,0,0,0
2022-08-19,8443,12677,69215,746928,0,0,0,8338,12555,68432,729614,0,0,0
2022-08-20,13122,19644,82725,698692,0,0,0,13037,19540,82038,685931,0,0,0
2022-08-21,2833,4047,31937,346673,0,0,0,2797,4027,31688,340189,0,0,0
2022-08-22,3920,7376,38600,502460,0,0,0,3865,7285,38020,487927,0,0,0
2022-08-23,4679,8448,39326,549409,0,0,0,4592,8353,38660,532381,0,0,0
2022-08-24,4074,6779,35815,517510,0,0,0,3983,6700,35219,501470,0,0,0
2022-08-25,3738,6256,35192,492211,0,0,0,3641,6160,34558,477630,0,0,0
2022-08-26,8062,14174,66296,721663,0,0,0,7944,14037,65475,705402,0,0,0
2022-08-27,12641,20682,77830,638459,0,0,0,12544,20556,77191,626927,0,0,0
2022-08-28,2335,4812,28654,292936,0,0,0,2312,4773,28381,287514,0,0,0
2022-08-29,2393,6156,32582,443770,0,0,0,2347,6060,32061,431488,0,0,0
2022-08-30,4106,6600,31878,488060,0,0,0,4021,6497,31275,473654,0,0,0
2022-08-31,3622,5235,27691,429737,0,0,0,3535,5148,27144,417063,0,0,0
2022-09-01,3721,1342,20689,325047,0,0,0,3662,1300,20299,315946,0,0,0
2022-09-02,4464,6087,45073,511392,0,0,0,4391,5978,44474,500192,0,0,0
2022-09-03,15848,8757,56719,424934,0,0,0,15742,8694,56224,417571,0,0,0
2022-09-04,2959,1564,16207,150243,0,0,0,2939,1542,16022,147420,0,0,0
2022-09-05,3637,2037,22372,296234,0,0,0,3556,2003,21967,288028,0,0,0
2022-09-06,4067,2760,22185,311340,0,0,0,4000,2715,21737,301959,0,0,0
2022-09-07,3986,3038,21776,296231,0,0,0,3917,2971,21308,287003,0,0,0
2022-09-08,3122,2853,19142,262879,0,0,0,3040,2811,18744,254877,0,0,0
2022-09-09,9632,8079,43351,421501,0,0,0,9507,7955,42799,411721,0,0,0
2022-09-10,6525,13199,52979,362728,0,0,0,6477,13136,52518,356367,0,0,0
2022-09-11,854,2305,14217,108211,0,0,0,846,2280,14094,106435,0,0,0
2022-09-12,1496,3286,21519,237930,0,0,0,1462,3231,21131,230758,0,0,0
2022-09-13,1720,3810,20256,255794,0,0,0,1671,3745,19797,247469,0,0,0
2022-09-14,1495,3477,19164,227310,0,0,0,1439,3424,18756,219849,0,0,0
2022-09-15,1294,3051,16947,201125,0,0,0,1250,2972,16591,194315,0,0,0
2022-09-16,4066,8293,40769,331949,0,0,0,3987,8189,40185,323474,0,0,0
2022-09-17,5807,13589,54039,263734,0,0,0,5768,13508,53617,259024,0,0,0
2022-09-18,816,1842,13366,59858,0,0,0,801,1825,13230,58762,0,0,0
2022-09-19,190,299,3061,13981,0,0,0,180,296,3019,13430,0,0,0
2022-09-20,1527,4158,17618,178242,3,0,0,1492,4076,17273,172223,3,0,0
2022-09-21,1484,3675,16799,174151,0,0,0,1425,3589,16430,167762,0,0,0
2022-09-22,1680,4535,21429,177900,2,0,0,1639,4462,21072,172481,2,0,0
2022-09-23,881,1247,14547,51237,0,0,0,867,1226,14436,50253,0,0,0
2022-09-24,4052,17462,44315,186606,2,0,0,4003,17330,43967,183135,2,0,0
2022-09-25,840,3369,13120,71502,0,0,0,828,3338,13015,70327,0,0,0
2022-09-26,1322,4653,17437,150366,0,0,0,1276,4571,17114,145411,0,0,0
2022-09-27,1347,4649,17158,163256,2,0,0,1300,4560,16789,157693,2,0,0
2022-09-28,1323,4493,16696,160343,2,0,0,1276,4406,16355,155173,2,0,0
2022-09-29,1081,3676,15751,148849,1,0,0,1018,3580,15436,144081,1,0,0
2022-09-30,3174,11901,38197,245403,13,0,0,3097,11747,37715,239764,12,0,0
2022-10-01,3573,5801,33719,157489,4,0,0,3534,5776,33555,155664,4,0,0
2022-10-02,1122,708,8696,55505,6,0,0,1111,704,8619,54881,6,0,0
2022-10-03,1045,1308,12959,103051,4,0,0,1018,1280,12795,100729,4,0,0
2022-10-04,1171,1448,14506,113373,12,0,0,1141,1425,14291,110729,12,0,0
2022-10-05,1104,1231,14166,107496,4,0,0,1078,1206,13957,104993,4,0,0
2022-10-06,1097,1184,13317,105528,5,0,0,1067,1133,13154,103107,5,0,0
2022-10-07,2518,3785,32680,217443,23,0,0,2369,3726,32405,214465,22,0,0
2022-10-08,3880,5665,50919,252313,11,0,0,3837,5620,50685,250251,10,0,0
2022-10-09,1078,952,18545,96524,10,0,0,1072,941,18447,95886,10,0,0
2022-10-10,149,165,4696,27123,6,0,0,146,165,4672,26822,6,0,0
2022-10-11,944,1320,21023,153654,16,0,0,917,1279,20792,150883,15,0,0
2022-10-12,1023,1264,22346,149461,10,0,0,998,1226,22099,146681,10,0,0
2022-10-13,607,1144,22030,142817,4,0,0,585,1096,21787,140241,4,0,0
2022-10-14,2184,1945,46957,288398,20,0,0,2150,1906,46596,285180,18,0,0
2022-10-15,3968,4602,69416,330476,15,0,0,3931,4566,69074,328222,14,0,0
2022-10-16,808,872,25832,132039,4,0,0,799,863,25690,131212,4,0,0
2022-10-17,930,1147,30665,178522,19,0,0,920,1116,30414,175954,18,0,0
2022-10-18,1080,1227,31770,188551,30,0,0,1064,1194,31466,185750,30,0,0
2022-10-19,1226,1299,29527,183718,24,0,0,1202,1265,29186,180943,23,0,0
2022-10-20,1064,992,26473,179397,24,0,0,1039,962,26231,176954,24,0,0
2022-10-21,2480,2936,52703,353703,709,0,0,2434,2885,52311,350625,692,0,0
2022-10-22,3806,4597,77018,434752,2088,0,0,3770,4562,76670,432337,2065,0,0
2022-10-23,972,1513,29349,172060,1682,0,0,958,1496,29203,171096,1663,0,0
2022-10-24,1151,1371,31472,194712,3953,0,0,1120,1336,31228,192482,3895,0,0
2022-10-25,1113,1458,31582,208758,9860,0,0,1092,1427,31302,206122,9743,0,0
2022-10-26,1211,1407,29418,205185,16105,0,0,1180,1374,29180,202570,15879,0,0
2022-10-27,1113,1424,26594,202268,24496,0,0,1080,1390,26291,199894,24131,0,0
2022-10-28,2788,3272,52422,393394,37211,0,0,2731,3111,52079,390370,36729,0,0
2022-10-29,4693,4681,73471,477486,39054,0,0,4656,4632,73170,475230,38509,0,0
2022-10-30,1284,1234,29239,198224,30819,0,0,1274,1225,29103,197216,30415,0,0
2022-10-31,1100,580,27401,199972,58138,0,0,1082,561,27132,197985,57259,0,0
2022-11-01,1426,899,27396,210358,113219,0,0,1400,876,27084,208358,111621,0,0
2022-11-02,1051,1011,32577,264151,127935,0,0,1028,989,32287,262212,126138,0,0
2022-11-03,405,257,15400,115755,66418,0,0,401,251,15307,115093,65559,0,0
2022-11-04,3183,2456,44353,388163,173493,0,0,3146,2406,44031,385755,171068,0,0
2022-11-05,5870,4418,61982,463057,186440,0,0,5823,4372,61687,460954,184181,0,0
2022-11-06,1800,806,25083,186981,140636,0,0,1791,796,24955,186011,138779,0,0
2022-11-07,1621,997,24362,189529,225796,0,0,1593,971,24119,187767,222552,0,0
2022-11-08,2101,1119,25392,196496,270888,0,0,2075,1104,25165,194661,266810,0,0
2022-11-09,2526,1242,24559,194302,278383,0,0,2487,1214,24336,192559,274179,0,0
2022-11-10,1760,1241,23411,204897,277755,0,0,1722,1216,23210,203075,273693,0,0
2022-11-11,4822,2737,44305,405204,337689,0,0,4687,2686,43999,402818,332832,0,0
2022-11-12,7157,4109,60095,479356,350044,0,0,7114,4073,59818,477307,345390,0,0
2022-11-13,1859,1110,26370,200822,255204,0,0,1841,1097,26244,199853,251790,0,0
2022-11-14,2463,1161,23238,181906,353422,0,0,2428,1131,22995,180216,347823,0,0
2022-11-15,3545,1238,24566,194565,402713,0,0,3513,1204,24337,192640,396016,0,0
2022-11-16,3403,1295,24273,196486,407275,0,0,3370,1260,24063,194550,400272,0,0
2022-11-17,3150,1144,22975,200172,392725,0,0,3092,1119,22762,198393,385902,0,0
2022-11-18,6644,2738,43618,398185,475087,0,0,6570,2707,43336,395817,467637,0,0
2022-11-19,10187,4920,60049,454548,454938,0,0,10115,4881,59787,452488,449009,0,0
2022-11-20,2508,1369,27052,200253,318652,0,0,2494,1357,26901,199135,314441,0,0
2022-11-21,3577,1236,22783,179157,438348,0,0,3538,1214,22531,177370,430592,0,0
2022-11-22,5392,1554,30961,265408,515872,0,0,5325,1526,30704,263339,507070,0,0
2022-11-23,1077,388,16121,112996,206730,0,0,1060,377,16033,112365,203644,0,0
2022-11-24,4018,895,22622,199322,468902,0,0,3958,874,22367,197339,459774,0,0
2022-11-25,8464,3332,42101,374727,580724,0,0,8335,3288,41819,372389,570986,0,0
2022-11-26,11019,6320,60118,427790,543907,0,0,10949,6282,59870,425960,536698,0,0
2022-11-27,3493,2067,26962,182296,367106,0,0,3466,2053,26808,181440,362258,0,0
2022-11-28,4331,1788,23064,175673,490655,0,0,4295,1757,22824,173947,481318,0,0
2022-11-29,6034,2132,25179,190895,549802,0,0,5977,2101,24934,189019,539086,0,0
2022-11-30,5293,2696,24704,184815,527643,0,0,5238,2661,24456,182802,517009,0,0
2022-12-01,5042,1529,20682,170272,512385,0,0,4971,1500,20341,168546,501473,0,0
2022-12-02,9937,4081,39449,335325,641753,0,0,9819,4024,39129,333032,630296,0,0
2022-12-03,13011,6824,53054,377403,591666,0,0,12943,6784,52784,375804,583741,0,0
2022-12-04,4180,1835,23730,158831,355241,0,0,4156,1812,23607,158005,350388,0,0
2022-12-05,5027,2306,21790,159924,522984,0,0,4976,2265,21541,158207,511598,0,0
2022-12-06,6782,3227,23740,171376,593117,0,0,6724,3194,23459,169339,578976,0,0
2022-12-07,4297,3047,23672,173960,569706,0,0,4239,3013,23393,171919,555794,0,0
2022-12-08,2422,2829,23068,181139,535749,0,0,2391,2771,22786,179207,522813,0,0
2022-12-09,4129,6116,43819,361428,687081,0,0,4088,5988,43480,359177,674622,0,0
2022-12-10,5045,9465,58595,391293,606333,0,0,5021,9399,58332,389579,598357,0,0
2022-12-11,1295,2310,25994,160879,355178,0,0,1287,2296,25852,160135,350388,0,0
2022-12-12,1556,2963,23065,161597,534467,0,0,1531,2933,22752,159822,522108,0,0
2022-12-13,2512,4316,25530,175257,591260,0,0,2488,4244,25192,173110,576387,0,0
2022-12-14,2970,1405,25473,172541,561203,0,0,2950,1380,25151,170366,546780,0,0
2022-12-15,3194,3357,23751,175511,520094,0,0,3158,3320,23462,173536,507116,0,0
2022-12-16,6674,7812,45057,348231,674761,0,0,6623,7655,44718,345944,661835,0,0
2022-12-17,9486,11205,60578,376273,586863,0,0,9430,11136,60332,374718,579147,0,0
2022-12-18,2968,3319,26354,156990,333870,0,0,2944,3299,26205,156205,329692,0,0
2022-12-19,2116,3949,23594,152261,484392,0,0,2088,3921,23370,150702,473653,0,0
2022-12-20,5097,5669,26002,163275,537588,0,0,5058,5619,25680,161394,525009,0,0
2022-12-21,4742,4852,24461,155686,503813,0,0,4695,4801,24170,153769,492169,0,0
2022-12-22,4052,5273,22162,152343,468529,0,0,4015,5201,21887,150529,457690,0,0
2022-12-23,6716,9524,37388,255813,570517,0,0,6641,9392,37114,254003,560267,0,0
2022-12-24,7320,12475,40314,254124,454541,0,0,7263,12401,40094,253004,448716,0,0
2022-12-25,1802,4046,18455,108381,209367,0,0,1787,4024,18326,107869,206793,0,0
2022-12-26,3518,5529,27436,150017,362451,0,0,3492,5463,27215,148619,354779,0,0
2022-12-27,4459,6918,27485,147933,350027,0,0,4419,6862,27250,146614,342444,0,0
2022-12-28,2480,4064,22895,127670,225496,0,0,2439,4013,22716,126737,220604,0,0
2022-12-29,1174,1489,11398,61148,78949,0,0,1160,1475,11320,60741,77118,0,0
2022-12-30,322,700,3704,17531,16574,0,0,315,692,3683,17429,16215,0,0
2022-12-31,71,155,642,2444,1234,0,0,68,154,639,2430,1198,0,0
2023-01-01,3,2,51,306,184,0,0,3,2,51,306,184,0,0
2023-01-02,59,64,531,1701,736,0,0,59,64,531,1701,736,0,0
2023-01-03,72,96,573,1797,994,0,0,72,96,573,1797,994,0,0
2023-01-04,1309,1707,6815,28397,62413,0,0,1309,1707,6815,28397,62413,0,0
2023-01-05,2589,3025,9563,41163,115036,0,0,2589,3025,9563,41163,115036,0,0
2023-01-06,6103,7192,20446,96748,225679,0,0,6103,7192,20446,96748,225679,0,0
2023-01-07,9226,10628,28596,129863,210592,0,0,9226,10628,28596,129863,210592,0,0
2023-01-08,2440,2923,9916,42022,63815,0,0,2440,2923,9916,42022,63815,0,0
2023-01-09,274,256,2404,8920,18885,0,0,274,256,2404,8920,18885,0,0
2023-01-10,4723,5706,12703,55417,228279,0,0,4723,5706,12703,55417,228279,0,0
2023-01-11,4119,5069,12631,57833,240916,0,0,4119,5069,12631,57833,240916,0,0
2023-01-12,3951,4147,11756,57028,218552,0,0,3951,4147,11756,57028,218552,0,0
2023-01-13,6875,7717,25471,127300,321859,0,0,6875,7717,25471,127300,321859,0,0
2023-01-14,5731,9023,36804,152248,269697,0,0,5731,9023,36804,152248,269697,0,0
2023-01-15,862,1836,9880,38839,82145,0,0,862,1836,9880,38839,82145,0,0
2023-01-16,1593,3667,13208,57120,209950,0,0,1593,3667,13208,57120,209950,0,0
2023-01-17,2308,4373,13606,57894,223554,0,0,2308,4373,13606,57894,223554,0,0
2023-01-18,1877,2990,13135,54275,198559,0,0,1877,2990,13135,54275,198559,0,0
2023-01-19,1507,1831,11316,50648,172720,0,0,1507,1831,11316,50648,172720,0,0
2023-01-20,3311,2553,26058,119141,260593,0,0,3311,2553,26058,119141,260593,0,0
2023-01-21,3315,3035,34925,133583,208139,0,0,3315,3035,34925,133583,208139,0,0
2023-01-22,698,511,9088,30637,60757,0,0,698,511,9088,30637,60757,0,0
2023-01-23,1163,939,12813,46340,150220,0,0,1163,939,12813,46340,150220,0,0
2023-01-24,1902,1166,12793,45898,155543,0,0,1902,1166,12793,45898,155543,0,0
2023-01-25,1315,1559,11823,41457,127558,0,0,1315,1559,11823,41457,127558,0,0
2023-01-26,1433,2653,11506,42503,125446,0,0,1433,2653,11506,42503,125446,0,0
2023-01-27,3008,6090,26275,102451,190602,0,0,3008,6090,26275,102451,190602,0,0
2023-01-28,5088,9793,35243,113474,154681,0,0,5088,9793,35243,113474,154681,0,0
2023-01-29,901,2566,9494,26934,40608,0,0,901,2566,9494,26934,40608,0,0
2023-01-30,1006,957,12298,36793,102311,0,0,1006,957,12298,36793,102311,0,0
2023-01-31,1589,4539,12915,35710,106324,0,0,1589,4539,12915,35710,106324,0,0
2023-02-01,1526,3861,9949,23329,66426,0,0,1526,3861,9949,23329,66426,0,0
2023-02-02,788,3607,8845,21999,57180,0,0,788,3607,8845,21999,57180,0,0
2023-02-03,2694,6800,20719,56278,92170,0,0,2694,6800,20719,56278,92170,0,0
2023-02-04,4209,5762,29636,69592,80654,0,0,4209,5762,29636,69592,80654,0,0
2023-02-05,944,770,5985,11768,15366,0,0,944,770,5985,11768,15366,0,0
2023-02-06,1083,1526,10717,22896,52089,0,0,1083,1526,10717,22896,52089,0,0
2023-02-07,1496,2226,11250,23007,59428,0,0,1496,2226,11250,23007,59428,0,0
2023-02-08,1138,1915,9755,20950,50848,0,0,1138,1915,9755,20950,50848,0,0
2023-02-09,1067,1484,9620,20720,45415,0,0,1067,1484,9620,20720,45415,0,0
2023-02-10,1797,3114,23048,57475,79406,0,0,1797,3114,23048,57475,79406,0,0
2023-02-11,806,1403,11131,22076,17781,0,0,806,1403,11131,22076,17781,0,0
2023-02-12,578,743,5750,8616,10521,0,0,578,743,5750,8616,10521,0,0
2023-02-13,716,1209,10376,18406,37454,0,0,716,1209,10376,18406,37454,0,0
2023-02-14,1001,1836,10546,18057,42403,0,0,1001,1836,10546,18057,42403,0,0
2023-02-15,867,1539,9614,16514,36604,0,0,867,1539,9614,16514,36604,0,0
2023-02-16,870,1451,9268,16702,33329,0,0,870,1451,9268,16702,33329,0,0
2023-02-17,1757,3156,20145,40259,56452,0,0,1757,3156,20145,40259,56452,0,0
2023-02-18,3242,5904,28499,52206,54505,0,0,3242,5904,28499,52206,54505,0,0
2023-02-19,570,846,5750,7735,7451,0,0,570,846,5750,7735,7451,0,0
2023-02-20,688,1063,9871,15295,27662,0,0,688,1063,9871,15295,27662,0,0
2023-02-21,1076,1770,10588,15943,32769,0,0,1076,1770,10588,15943,32769,0,0
2023-02-22,979,1752,11803,21356,31720,0,0,979,1752,11803,21356,31720,0,0
2023-02-23,136,167,2710,4590,3168,0,0,136,167,2710,4590,3168,0,0
2023-02-24,1940,3311,17779,36636,43221,0,0,1940,3311,17779,36636,43221,0,0
2023-02-25,2319,4654,22485,41898,39375,0,0,2319,4654,22485,41898,39375,0,0
2023-02-26,378,1009,4463,6823,6352,0,0,378,1009,4463,6823,6352,0,0
2023-02-27,733,1343,7910,11676,20901,0,0,733,1343,7910,11676,20901,0,0
2023-02-28,732,1846,7955,11780,24006,0,0,732,1846,7955,11780,24006,0,0
2023-03-01,763,1109,6154,7171,13281,0,0,763,1109,6154,7171,13281,0,0
2023-03-02,797,1232,6465,7278,12361,0,0,797,1232,6465,7278,12361,0,0
2023-03-03,1577,1894,14648,19466,22969,0,0,1577,1894,14648,19466,22969,0,0
2023-03-04,2343,1938,19619,24186,20172,0,0,2343,1938,19619,24186,20172,0,0
2023-03-05,574,579,4402,3770,2787,0,0,574,579,4402,3770,2787,0,0
2023-03-06,682,709,6373,7831,11357,0,0,682,709,6373,7831,11357,0,0
2023-03-07,1152,1164,8496,8251,14157,0,0,1152,1164,8496,8251,14157,0,0
2023-03-08,829,906,7552,7241,12523,0,0,829,906,7552,7241,12523,0,0
2023-03-09,675,968,6623,7387,11308,0,0,675,968,6623,7387,11308,0,0
2023-03-10,1552,1937,15355,20341,21300,0,0,1552,1937,15355,20341,21300,0,0
2023-03-11,1003,3018,17602,24472,17291,0,0,1003,3018,17602,24472,17291,0,0
2023-03-12,140,566,3634,3667,2495,0,0,140,566,3634,3667,2495,0,0
2023-03-13,279,757,7124,7856,10198,0,0,279,757,7124,7856,10198,0,0
2023-03-14,452,1151,7500,7728,12814,0,0,452,1151,7500,7728,12814,0,0
2023-03-15,391,1040,6243,7226,10564,0,0,391,1040,6243,7226,10564,0,0
2023-03-16,321,444,5042,6657,9996,0,0,321,444,5042,6657,9996,0,0
2023-03-17,753,1873,11764,18044,17808,0,0,753,1873,11764,18044,17808,0,0
2023-03-18,1015,2618,14207,22527,14961,0,0,1015,2618,14207,22527,14961,0,0
2023-03-19,129,394,2904,3880,2097,0,0,129,394,2904,3880,2097,0,0
2023-03-20,356,775,6600,9820,9161,0,0,356,775,6600,9820,9161,0,0
2023-03-21,37,59,1042,1423,973,0,0,37,59,1042,1423,973,0,0
2023-03-22,349,1035,5290,6680,8232,0,0,349,1035,5290,6680,8232,0,0
2023-03-23,386,938,5489,6351,9018,0,0,386,938,5489,6351,9018,0,0
2023-03-24,806,2126,13163,17874,14831,0,0,806,2126,13163,17874,14831,0,0
2023-03-25,903,2873,16975,23611,13185,0,0,903,2873,16975,23611,13185,0,0
2023-03-26,161,790,4743,5447,2205,0,0,161,790,4743,5447,2205,0,0
2023-03-27,346,867,5687,8552,7483,0,0,346,867,5687,8552,7483,0,0
2023-03-28,601,1572,8911,8923,9025,0,0,601,1572,8911,8923,9025,0,0
2023-03-29,431,1070,7570,8022,7205,0,0,431,1070,7570,8022,7205,0,0
2023-03-30,411,931,6790,6985,6706,0,0,411,931,6790,6985,6706,0,0
2023-03-31,755,1960,12993,14082,8942,0,0,755,1960,12993,14082,8942,0,0
2023-04-01,582,712,5139,9471,2050,0,0,582,712,5139,9471,2050,0,0
2023-04-02,151,115,806,1221,211,0,0,151,115,806,1221,211,0,0
2023-04-03,248,238,2585,3452,1609,0,0,248,238,2585,3452,1609,0,0
2023-04-04,410,439,3015,4553,1766,0,0,410,439,3015,4553,1766,0,0
2023-04-05,352,314,2471,3878,1972,0,0,352,314,2471,3878,1972,0,0
2023-04-06,252,306,2081,2826,1751,0,0,252,306,2081,2826,1751,0,0
2023-04-07,628,699,5345,8603,3070,0,0,628,699,5345,8603,3070,0,0
2023-04-08,532,858,6654,13285,2693,0,0,532,858,6654,13285,2693,0,0
2023-04-09,147,110,885,1719,226,0,0,147,110,885,1719,226,0,0
2023-04-10,211,246,2106,2564,1789,0,0,211,246,2106,2564,1789,0,0
2023-04-11,306,240,2458,3130,1873,0,0,306,240,2458,3130,1873,0,0
2023-04-12,150,323,2096,2816,1931,0,0,150,323,2096,2816,1931,0,0
2023-04-13,177,299,1964,2441,1780,0,0,177,299,1964,2441,1780,0,0
2023-04-14,369,616,5128,8388,3216,0,0,369,616,5128,8388,3216,0,0
2023-04-15,719,845,6895,13799,2671,0,0,719,845,6895,13799,2671,0,0
2023-04-16,113,118,1131,1834,403,0,0,113,118,1131,1834,403,0,0
2023-04-17,231,276,2077,2582,1628,0,0,231,276,2077,2582,1628,0,0
2023-04-18,383,465,2433,3009,2015,0,0,383,465,2433,3009,2015,0,0
2023-04-19,303,358,2119,2925,1874,0,0,303,358,2119,2925,1874,0,0
2023-04-20,358,343,1942,2909,2043,0,0,358,343,1942,2909,2043,0,0
2023-04-21,675,721,5192,8992,3303,0,0,675,721,5192,8992,3303,0,0
2023-04-22,778,954,8028,15918,3658,0,0,778,954,8028,15918,3658,0,0
2023-04-23,126,212,1245,1985,424,0,0,126,212,1245,1985,424,0,0
2023-04-24,224,361,2292,3134,2079,0,0,224,361,2292,3134,2079,0,0
2023-04-25,319,486,2620,3595,2367,0,0,319,486,2620,3595,2367,0,0
2023-04-26,264,428,2373,3616,2362,0,0,264,428,2373,3616,2362,0,0
2023-04-27,267,375,2422,3493,2167,0,0,267,375,2422,3493,2167,0,0
2023-04-28,587,834,6438,11126,4817,0,0,587,834,6438,11126,4817,0,0
2023-04-29,150,319,1770,4372,891,0,0,150,319,1770,4372,891,0,0
2023-04-30,85,168,914,1674,418,0,0,85,168,914,1674,418,0,0
2023-05-01,202,238,2150,3163,1826,0,0,202,238,2150,3163,1826,0,0
2023-05-02,260,293,2472,3931,1877,0,0,260,293,2472,3931,1877,0,0
2023-05-03,40,15,359,472,167,0,0,40,15,359,472,167,0,0
2023-05-04,30,32,254,409,167,0,0,30,32,254,409,167,0,0
2023-05-05,48,71,403,616,280,0,0,48,71,403,616,280,0,0
2023-05-06,311,629,3514,6477,2036,0,0,311,629,3514,6477,2036,0,0
2023-05-07,69,109,783,1146,433,0,0,69,109,783,1146,433,0,0
2023-05-08,175,244,546,1648,15475,191432,0,175,244,546,1648,15475,191432,0
2023-05-09,333,468,963,2066,16866,220313,0,333,468,963,2066,16866,220313,0
2023-05-10,287,362,873,2223,17228,217538,0,287,362,873,2223,17228,217538,0
2023-05-11,237,369,713,2083,16164,205965,0,237,369,713,2083,16164,205965,0
2023-05-12,463,756,1585,5018,28861,323485,0,463,756,1585,5018,28861,323485,0
2023-05-13,496,836,1947,6595,25917,282183,0,496,836,1947,6595,25917,282183,0
2023-05-14,101,136,264,1175,9876,119133,0,101,136,264,1175,9876,119133,0
2023-05-15,179,223,645,2499,26326,320757,0,179,223,645,2499,26326,320757,0
2023-05-16,242,372,853,3292,29709,359622,0,242,372,853,3292,29709,359622,0
2023-05-17,247,298,807,2930,28110,320168,0,247,298,807,2930,28110,320168,0
2023-05-18,173,258,772,2851,25573,297433,0,173,258,772,2851,25573,297433,0
2023-05-19,341,499,1479,5565,41758,440540,0,341,499,1479,5565,41758,440540,0
2023-05-20,378,398,1746,6681,35747,379437,0,378,398,1746,6681,35747,379437,0
2023-05-21,45,98,362,1087,11980,154164,0,45,98,362,1087,11980,154164,0
2023-05-22,145,180,736,3431,31443,376146,0,145,180,736,3431,31443,376146,0
2023-05-23,237,203,1124,3859,35999,409517,0,237,203,1124,3859,35999,409517,0
2023-05-24,199,123,962,3995,33655,372321,0,199,123,962,3995,33655,372321,0
2023-05-25,191,145,877,3471,31837,345092,0,191,145,877,3471,31837,345092,0
2023-05-26,304,249,1615,6622,49632,503949,0,304,249,1615,6622,49632,503949,0
2023-05-27,409,446,1570,5899,41248,413319,0,409,446,1570,5899,41248,413319,0
2023-05-28,60,75,347,1482,15162,188213,0,60,75,347,1482,15162,188213,0
2023-05-29,159,190,785,3452,34690,393252,0,159,190,785,3452,34690,393252,0
2023-05-30,228,321,1044,3879,38743,427216,0,228,321,1044,3879,38743,427216,0
2023-05-31,196,294,840,3748,34997,373243,0,196,294,840,3748,34997,373243,0
2023-06-01,204,192,685,3082,29916,318576,0,204,192,685,3082,29916,318576,0
2023-06-02,296,419,1168,5119,46078,444456,0,296,419,1168,5119,46078,444456,0
2023-06-03,368,449,1128,4710,36109,379267,0,368,449,1128,4710,36109,379267,0
2023-06-04,79,87,255,1087,11926,155908,0,79,87,255,1087,11926,155908,0
2023-06-05,212,173,697,3250,33672,363211,0,212,173,697,3250,33672,363211,0
2023-06-06,314,271,964,4040,38746,394592,0,314,271,964,4040,38746,394592,0
2023-06-07,267,251,884,4222,37704,353182,0,267,251,884,4222,37704,353182,0
2023-06-08,251,187,815,3541,33217,316030,0,251,187,815,3541,33217,316030,0
2023-06-09,477,365,1242,5882,50347,448910,0,477,365,1242,5882,50347,448910,0
2023-06-10,253,422,1155,5104,40080,367376,0,253,422,1155,5104,40080,367376,0
2023-06-11,46,54,290,1523,13178,142934,0,46,54,290,1523,13178,142934,0
2023-06-12,106,150,750,3559,34386,330304,0,106,150,750,3559,34386,330304,0
2023-06-13,171,263,1032,4422,40059,358455,0,171,263,1032,4422,40059,358455,0
2023-06-14,136,197,1026,4519,38083,323380,0,136,197,1026,4519,38083,323380,0
2023-06-15,118,171,891,4143,34583,283275,0,118,171,891,4143,34583,283275,0
2023-06-16,254,325,1351,6292,53038,409829,0,254,325,1351,6292,53038,409829,0
2023-06-17,255,396,1145,4804,37281,316612,0,255,396,1145,4804,37281,316612,0
2023-06-18,41,78,229,1154,11323,116007,0,41,78,229,1154,11323,116007,0
2023-06-19,125,176,804,3667,33961,281195,0,125,176,804,3667,33961,281195,0
2023-06-20,181,254,1085,4437,38643,303058,0,181,254,1085,4437,38643,303058,0
2023-06-21,148,221,961,4278,36067,268132,0,148,221,961,4278,36067,268132,0
2023-06-22,163,219,852,3938,33967,242152,0,163,219,852,3938,33967,242152,0
2023-06-23,275,385,1445,6097,49989,344976,0,275,385,1445,6097,49989,344976,0
2023-06-24,278,528,1190,4902,38059,279342,0,278,528,1190,4902,38059,279342,0
2023-06-25,51,103,223,1269,11639,113445,0,51,103,223,1269,11639,113445,0
2023-06-26,104,261,733,3526,32039,237479,0,104,261,733,3526,32039,237479,0
2023-06-27,211,342,1002,4133,37381,261823,0,211,342,1002,4133,37381,261823,0
2023-06-28,153,319,855,4028,34250,230067,0,153,319,855,4028,34250,230067,0
2023-06-29,137,362,835,3774,32255,211189,0,137,362,835,3774,32255,211189,0
2023-06-30,296,656,1168,5936,44701,290239,0,296,656,1168,5936,44701,290239,0
2023-07-01,169,149,944,3581,25685,181043,0,169,149,944,3581,25685,181043,0
2023-07-02,56,28,167,690,6768,60897,0,56,28,167,690,6768,60897,0
2023-07-03,117,66,496,2198,22833,160212,0,117,66,496,2198,22833,160212,0
2023-07-04,140,124,715,2851,26105,173426,0,140,124,715,2851,26105,173426,0
2023-07-05,110,113,714,2764,24247,148466,0,110,113,714,2764,24247,148466,0
2023-07-06,108,102,657,2550,22356,134279,0,108,102,657,2550,22356,134279,0
2023-07-07,262,200,1048,4074,35234,204610,0,262,200,1048,4074,35234,204610,0
2023-07-08,209,198,942,3423,24906,152638,0,209,198,942,3423,24906,152638,0
2023-07-09,30,41,135,675,5676,47645,0,30,41,135,675,5676,47645,0
2023-07-10,142,137,527,2333,22184,134003,0,142,137,527,2333,22184,134003,0
2023-07-11,222,175,730,2855,25363,151917,0,222,175,730,2855,25363,151917,0
2023-07-12,145,151,665,2647,23186,130102,0,145,151,665,2647,23186,130102,0
2023-07-13,123,162,547,2576,21688,113968,0,123,162,547,2576,21688,113968,0
2023-07-14,231,240,924,4084,34407,175282,0,231,240,924,4084,34407,175282,0
2023-07-15,208,258,788,2976,22844,119835,0,208,258,788,2976,22844,119835,0
2023-07-16,39,35,113,350,3387,22778,0,39,35,113,350,3387,22778,0
2023-07-17,8,4,45,164,977,6275,0,8,4,45,164,977,6275,0
2023-07-18,167,194,580,2328,20745,113979,0,167,194,580,2328,20745,113979,0
2023-07-19,172,181,596,2513,20452,105985,0,172,181,596,2513,20452,105985,0
2023-07-20,146,125,534,2356,18818,94697,0,146,125,534,2356,18818,94697,0
2023-07-21,198,331,914,3858,29509,143399,0,198,331,914,3858,29509,143399,0
2023-07-22,204,234,796,3148,20680,105212,0,204,234,796,3148,20680,105212,0
2023-07-23,23,52,152,631,3945,27835,0,23,52,152,631,3945,27835,0
2023-07-24,142,173,469,2224,17854,93012,0,142,173,469,2224,17854,93012,0
2023-07-25,177,208,679,2648,20333,97582,0,177,208,679,2648,20333,97582,0
2023-07-26,153,149,627,2440,17433,81755,0,153,149,627,2440,17433,81755,0
2023-07-27,154,147,510,2232,15100,70053,0,154,147,510,2232,15100,70053,0
2023-07-28,287,286,951,3651,24893,110141,0,287,286,951,3651,24893,110141,0
2023-07-29,228,215,677,2452,16388,74746,0,228,215,677,2452,16388,74746,0
2023-07-30,54,45,132,385,2541,14439,0,54,45,132,385,2541,14439,0
2023-07-31,128,129,367,1568,12576,58623,0,128,129,367,1568,12576,58623,0
2023-08-01,198,195,393,1397,11269,51779,0,198,195,393,1397,11269,51779,0
2023-08-02,164,136,352,1373,9602,42371,0,164,136,352,1373,9602,42371,0
2023-08-03,122,129,352,1244,9122,38828,0,122,129,352,1244,9122,38828,0
2023-08-04,285,243,585,2149,15800,66607,0,285,243,585,2149,15800,66607,0
2023-08-05,289,212,538,1586,11377,45612,0,289,212,538,1586,11377,45612,0
2023-08-06,27,40,67,267,1985,8706,0,27,40,67,267,1985,8706,0
2023-08-07,166,75,337,1307,9896,41147,0,166,75,337,1307,9896,41147,0
2023-08-08,185,181,419,1394,10416,43692,0,185,181,419,1394,10416,43692,0
2023-08-09,137,144,313,1269,8599,33988,0,137,144,313,1269,8599,33988,0
2023-08-10,125,162,349,1144,8741,31416,0,125,162,349,1144,8741,31416,0
2023-08-11,12,14,41,170,1025,3639,0,12,14,41,170,1025,3639,0
2023-08-12,92,108,225,765,4871,16397,0,92,108,225,765,4871,16397,0
2023-08-13,10,14,20,93,571,1990,0,10,14,20,93,571,1990,0
2023-08-14,55,54,119,469,3047,9682,0,55,54,119,469,3047,9682,0
2023-08-15,51,65,128,405,2756,8124,0,51,65,128,405,2756,8124,0
2023-08-16,78,103,190,685,4818,16489,0,78,103,190,685,4818,16489,0
2023-08-17,83,164,264,903,6085,21211,0,83,164,264,903,6085,21211,0
2023-08-18,226,359,590,1721,12147,44063,0,226,359,590,1721,12147,44063,0
2023-08-19,189,283,476,1448,8005,30960,0,189,283,476,1448,8005,30960,0
2023-08-20,41,35,64,206,1092,5229,0,41,35,64,206,1092,5229,0
2023-08-21,113,179,295,915,7265,28613,0,113,179,295,915,7265,28613,0
2023-08-22,149,234,438,1266,8577,31759,0,149,234,438,1266,8577,31759,0
2023-08-23,126,199,354,1091,7494,27068,0,126,199,354,1091,7494,27068,0
2023-08-24,124,163,290,950,6836,21861,0,124,163,290,950,6836,21861,0
2023-08-25,238,374,663,1857,11656,40582,0,238,374,663,1857,11656,40582,0
2023-08-26,197,311,463,1391,8585,29839,0,197,311,463,1391,8585,29839,0
2023-08-27,44,49,77,148,1459,5099,0,44,49,77,148,1459,5099,0
2023-08-28,80,177,231,826,6391,23019,0,80,177,231,826,6391,23019,0
2023-08-29,144,219,328,982,7044,24297,0,144,219,328,982,7044,24297,0
2023-08-30,95,168,325,838,6249,21562,0,95,168,325,838,6249,21562,0
2023-08-31,93,146,267,807,5323,17222,0,93,146,267,807,5323,17222,0
2023-09-01,77,76,168,403,2683,7172,0,77,76,168,403,2683,7172,0
2023-09-02,63,110,184,408,2262,5530,0,63,110,184,408,2262,5530,0
2023-09-03,13,10,14,40,274,459,0,13,10,14,40,274,459,0
2023-09-04,56,62,108,239,1862,4857,0,56,62,108,239,1862,4857,0
2023-09-05,74,81,160,341,2191,6006,0,74,81,160,341,2191,6006,0
2023-09-06,79,74,111,343,1908,4678,0,79,74,111,343,1908,4678,0
2023-09-07,76,91,113,326,1780,4643,0,76,91,113,326,1780,4643,0
2023-09-08,129,165,201,500,3205,7950,0,129,165,201,500,3205,7950,0
2023-09-09,130,164,189,506,2678,6031,0,130,164,189,506,2678,6031,0
2023-09-10,16,40,39,52,306,647,0,16,40,39,52,306,647,0
2023-09-11,88,101,93,226,1729,4782,0,88,101,93,226,1729,4782,0
2023-09-12,67,111,175,316,2080,5402,0,67,111,175,316,2080,5402,0
2023-09-13,81,109,176,294,1955,5152,0,81,109,176,294,1955,5152,0
2023-09-14,67,109,109,235,1734,4268,0,67,109,109,235,1734,4268,0
2023-09-15,136,216,281,507,3291,7768,0,136,216,281,507,3291,7768,0
2023-09-16,117,225,218,476,2549,5745,0,117,225,218,476,2549,5745,0
2023-09-17,11,21,24,61,271,582,0,11,21,24,61,271,582,0
2023-09-18,6,8,6,38,107,218,0,6,8,6,38,107,218,0
2023-09-19,77,207,169,284,2079,4866,0,77,207,169,284,2079,4866,0
2023-09-20,89,26,235,1331,20741,24312,132887,89,26,235,1331,20741,24312,132887
2023-09-21,59,22,218,1211,20196,23165,131669,59,22,218,1211,20196,23165,131669
2023-09-22,106,32,362,2255,39467,39684,199664,106,32,362,2255,39467,39684,199664
2023-09-23,48,15,186,1336,25010,14985,64570,48,15,186,1336,25010,14985,64570
2023-09-24,36,12,186,1281,23099,16453,72829,36,12,186,1281,23099,16453,72829
2023-09-25,87,21,338,2078,32240,38848,230692,87,21,338,2078,32240,38848,230692
2023-09-26,120,16,349,2320,36335,44104,269731,120,16,349,2320,36335,44104,269731
2023-09-27,97,32,376,2465,35289,42658,246367,97,32,376,2465,35289,42658,246367
2023-09-28,86,38,364,2182,32085,39087,225443,86,38,364,2182,32085,39087,225443
2023-09-29,195,55,592,4066,61191,61213,323921,195,55,592,4066,61191,61213,323921
2023-09-30,208,59,815,5215,80000,55695,258006,208,59,815,5215,80000,55695,258006
2023-10-01,58,12,234,1982,30997,23785,115954,58,12,234,1982,30997,23785,115954
2023-10-02,158,46,435,2925,38822,50059,299590,158,46,435,2925,38822,50059,299590
2023-10-03,212,54,568,3419,43674,57430,333822,212,54,568,3419,43674,57430,333822
2023-10-04,242,88,586,3799,43717,54999,300151,242,88,586,3799,43717,54999,300151
2023-10-05,190,71,535,3246,40888,50495,270477,190,71,535,3246,40888,50495,270477
2023-10-06,447,147,1055,6715,83579,78404,380696,447,147,1055,6715,83579,78404,380696
2023-10-07,422,123,1106,7960,107971,66306,283465,422,123,1106,7960,107971,66306,283465
2023-10-08,52,24,318,2794,41890,23992,104604,52,24,318,2794,41890,23992,104604
2023-10-09,13,2,145,1044,15247,10254,43705,13,2,145,1044,15247,10254,43705
2023-10-10,343,84,746,4741,50386,63026,331882,343,84,746,4741,50386,63026,331882
2023-10-11,310,131,786,4822,50930,63687,324538,310,131,786,4822,50930,63687,324538
2023-10-12,257,93,789,4634,49107,59815,291419,257,93,789,4634,49107,59815,291419
2023-10-13,485,183,1276,8433,95779,90616,396204,485,183,1276,8433,95779,90616,396204
2023-10-14,449,156,1527,9640,116966,74294,298467,449,156,1527,9640,116966,74294,298467
2023-10-15,86,48,400,3060,42120,28502,120026,86,48,400,3060,42120,28502,120026
2023-10-16,257,106,830,4882,54638,65840,315319,257,106,830,4882,54638,65840,315319
2023-10-17,354,157,960,5997,57144,72425,338058,354,157,960,5997,57144,72425,338058
2023-10-18,308,139,935,5443,56267,69035,303410,308,139,935,5443,56267,69035,303410
2023-10-19,279,111,857,5076,52795,61446,268945,279,111,857,5076,52795,61446,268945
2023-10-20,534,214,1481,9031,101814,90896,359669,534,214,1481,9031,101814,90896,359669
2023-10-21,426,180,1477,10377,122814,75757,262133,426,180,1477,10377,122814,75757,262133
2023-10-22,78,59,437,3435,45591,29806,111415,78,59,437,3435,45591,29806,111415
2023-10-23,292,171,831,5253,56680,64421,280334,292,171,831,5253,56680,64421,280334
2023-10-24,392,197,1005,6418,61600,72786,305872,392,197,1005,6418,61600,72786,305872
2023-10-25,310,220,992,5770,57001,65784,268791,310,220,992,5770,57001,65784,268791
2023-10-26,259,182,782,5334,54473,61398,243069,259,182,782,5334,54473,61398,243069
2023-10-27,531,431,1421,9447,107943,89256,322821,531,431,1421,9447,107943,89256,322821
2023-10-28,424,390,1475,10803,127553,72484,240250,424,390,1475,10803,127553,72484,240250
2023-10-29,60,84,424,3575,43245,26539,101497,60,84,424,3575,43245,26539,101497
2023-10-30,234,90,759,5306,58792,61635,244774,234,90,759,5306,58792,61635,244774
2023-10-31,342,325,858,5795,58584,65629,258735,342,325,858,5795,58584,65629,258735
2023-11-01,211,216,735,4292,45437,48843,188476,211,216,735,4292,45437,48843,188476
2023-11-02,187,204,683,4758,55498,47975,170371,187,204,683,4758,55498,47975,170371
2023-11-03,44,39,207,1782,25416,11584,39578,44,39,207,1782,25416,11584,39578
2023-11-04,355,314,1097,7891,92163,48471,155057,355,314,1097,7891,92163,48471,155057
2023-11-05,43,53,286,1978,25539,14118,60600,43,53,286,1978,25539,14118,60600
2023-11-06,173,187,617,3906,44205,46541,177661,173,187,617,3906,44205,46541,177661
2023-11-07,276,255,696,4533,47811,50746,195069,276,255,696,4533,47811,50746,195069
2023-11-08,275,234,731,4345,43880,45008,163752,275,234,731,4345,43880,45008,163752
2023-11-09,197,198,596,3736,38965,39193,140891,197,198,596,3736,38965,39193,140891
2023-11-10,415,541,1134,7563,87009,63541,205090,415,541,1134,7563,87009,63541,205090
2023-11-11,329,351,1235,8691,102202,51359,145746,329,351,1235,8691,102202,51359,145746
2023-11-12,44,47,249,2296,28844,15771,56424,44,47,249,2296,28844,15771,56424
2023-11-13,149,245,552,3592,39711,38650,140923,149,245,552,3592,39711,38650,140923
2023-11-14,219,284,604,4021,39694,40708,144562,219,284,604,4021,39694,40708,144562
2023-11-15,188,202,515,3554,35317,35055,124500,188,202,515,3554,35317,35055,124500
2023-11-16,132,196,526,2940,30161,29189,103390,132,196,526,2940,30161,29189,103390
2023-11-17,283,352,804,5706,65052,44179,138373,283,352,804,5706,65052,44179,138373
2023-11-18,261,278,877,6872,76429,36106,100913,261,278,877,6872,76429,36106,100913
2023-11-19,22,38,202,1653,19406,10460,34814,22,38,202,1653,19406,10460,34814
2023-11-20,109,129,336,2158,23602,22093,81865,109,129,336,2158,23602,22093,81865
